filename,correction / note,framestart,framestop,frameoffset,class,handnum,relocatable?,bodytouch?,handtohandtouch?,mouth,WordNetEntries,SpreadTheSignExample,SignDictExample,fps,videolink_body,videolink_face,annotation_name
TJA,"Neu aufgenommen am 22.06.22, wg. Datenverlust
---
Wenn, neue Referenzvideo da ist, dann NOVA-Annotation prüfen/korrigieren",183.0,206.0,,gesture,2.0,no,no,no,gest,"{00043179} S: (adv) unfortunately (unfortunately%4:02:00::), unluckily (unluckily%4:02:00::), regrettably (regrettably%4:02:00::), alas (alas%4:02:00::) (by bad luck) ""unfortunately it rained all day""; ""alas, I cannot stay""",,,60.0,https://cloud-affective.dfki.de/index.php/s/gbXtp3tSymEg9Zx/download?path=%2Fmocapdata%2Fgest&files=TJA.mp4,https://cloud-affective.dfki.de/index.php/s/gbXtp3tSymEg9Zx/download?path=%2Fmocapdata%2Fgest%2F_facecam&files=faceCam_TJA_trimmed.mp4,gest:TJA
BEWAHREN,ok,144.0,186.0,,gesture,2.0,no,no,no,gest,,,,60.0,https://cloud-affective.dfki.de/index.php/s/gbXtp3tSymEg9Zx/download?path=%2Fmocapdata%2Fgest&files=BEWAHREN.mp4,https://cloud-affective.dfki.de/index.php/s/gbXtp3tSymEg9Zx/download?path=%2Fmocapdata%2Fgest%2F_facecam&files=faceCam_BEWAHREN_trimmed.mp4,gest:BEWAHREN
ABCHECKEN,Aufgenommen (Sept 2021),212.0,262.0,,gesture,2.0,yes,no,no,gest,,,,60.0,https://cloud-affective.dfki.de/index.php/s/gbXtp3tSymEg9Zx/download?path=%2Fmocapdata%2Fgest&files=ABCHECKEN.mp4,https://cloud-affective.dfki.de/index.php/s/gbXtp3tSymEg9Zx/download?path=%2Fmocapdata%2Fgest%2F_facecam&files=faceCam_ABCHECKEN_trimmed.mp4,gest:ABCHECKEN
ABCHECKEN(-kreis),Aufgenommen am 30.03.22,223.0,278.0,,gesture,2.0,yes,no,no,gest,,,,60.0,https://cloud-affective.dfki.de/index.php/s/gbXtp3tSymEg9Zx/download?path=%2Fmocapdata%2Fgest&files=ABCHECKEN(-kreis).mp4,https://cloud-affective.dfki.de/index.php/s/gbXtp3tSymEg9Zx/download?path=%2Fmocapdata%2Fgest%2F_facecam&files=faceCam_ABCHECKEN(-kreis)_trimmed.mp4,gest:ABCHECKEN(-kreis)
KOPFSCHUETTELN,Aufgenommen am 30.03.22,176.0,235.0,,gesture,0.0,no,no,no,gest,,,,60.0,https://cloud-affective.dfki.de/index.php/s/gbXtp3tSymEg9Zx/download?path=%2Fmocapdata%2Fgest&files=KOPFSCHUETTELN.mp4,https://cloud-affective.dfki.de/index.php/s/gbXtp3tSymEg9Zx/download?path=%2Fmocapdata%2Fgest%2F_facecam&files=faceCam_KOPFSCHUETTELN_trimmed.mp4,gest:KOPFSCHUETTELN
OFF,"Neu aufgenommen am 10.12.21 (ohne Mimik), aber die Gebärde ist viel zu tief, nicht natürlich. Händflächen sollen von innen nach außen öffnen, ähnlich wie Satz 231! Aber mehr größer. Muss wiederholen! Aufgenommen (Feb 2023)
---
Wenn, neue Referenzvideo da ist, dann alle Annotationsdaten überprüfen!!! NOVA-Annotation prüfen/korrigieren!",198.0,218.0,,gesture,2.0,no,no,no,gest,,,,60.0,https://cloud-affective.dfki.de/index.php/s/gbXtp3tSymEg9Zx/download?path=%2Fmocapdata%2Fgest&files=OFF.mp4,https://cloud-affective.dfki.de/index.php/s/gbXtp3tSymEg9Zx/download?path=%2Fmocapdata%2Fgest%2F_facecam&files=faceCam_OFF_trimmed.mp4,gest:OFF
PAUSENPOSITION,Aufgenommen (Dez 2021),242.0,265.0,,gesture,2.0,no,yes,yes,no,,,,60.0,https://cloud-affective.dfki.de/index.php/s/gbXtp3tSymEg9Zx/download?path=%2Fmocapdata%2Fgest&files=PAUSENPOSITION.mp4,https://cloud-affective.dfki.de/index.php/s/gbXtp3tSymEg9Zx/download?path=%2Fmocapdata%2Fgest%2F_facecam&files=faceCam_PAUSENPOSITION_trimmed.mp4,gest:PAUSENPOSITION
SO,"Satz 230, beidhändig, HANDFLÄCHE, nur Mundgestik.",190.0,220.0,,gesture,,,,,,,,,60.0,https://cloud-affective.dfki.de/index.php/s/gbXtp3tSymEg9Zx/download?path=%2Fmocapdata%2Fgest&files=SO.mp4,https://cloud-affective.dfki.de/index.php/s/gbXtp3tSymEg9Zx/download?path=%2Fmocapdata%2Fgest%2F_facecam&files=faceCam_SO_trimmed.mp4,gest:SO
